Gene1	Gene2	EdgeWeight
Pax6	Coup	1.0
Coup	Coup	1.0
Emx2	Sp8	1.0
Pax6	Pax6	1.0
Emx2	Pax6	1.0
Coup	Pax6	1.0
Fgf8	Fgf8	1.0
Coup	Fgf8	1.0
Emx2	Emx2	1.0
Emx2	Coup	1.0
Sp8	Sp8	1.0
Sp8	Sp8	1.0
Fgf8	Pax6	1.0
Fgf8	Fgf8	1.0
Pax6	Fgf8	1.0
Coup	Sp8	1.0
Pax6	Pax6	1.0
Sp8	Coup	0.9999879999999999
Pax6	Sp8	0.999873
Coup	Emx2	0.9996139999999999
Sp8	Fgf8	0.938923
Pax6	Emx2	0.8239360000000001
Fgf8	Sp8	0.632558
Emx2	Fgf8	0.591757
Sp8	Pax6	0.332636
Sp8	Emx2	0.130475
Fgf8	Emx2	0.12316500000000001
Fgf8	Coup	0.063644
