Gene1	Gene2	EdgeWeight
Coup	Pax6	6.0
Fgf8	Coup	6.0
Coup	Fgf8	1.5
Fgf8	Sp8	1.5
Emx2	Pax6	0.66666
Sp8	Emx2	0.66666
Emx2	Sp8	0.375
Emx2	Fgf8	0.24
Fgf8	Emx2	0.24
Pax6	Coup	0.12244000000000001
Sp8	Pax6	0.12244000000000001
Sp8	Fgf8	0.07407000000000001
Fgf8	Pax6	0.06
Pax6	Emx2	0.04958
Coup	Sp8	0.04166
Sp8	Coup	0.0355
Pax6	Fgf8	0.030610000000000002
